{
  "avgTargetConfidence": 18.1800289061463,
  "lowestTargetConfidenceFrame": 88,
  "highestTargetConfidenceFrame": 151,
  "highestTargetConfidence": 99.54623579978943,
  "genObjsAnalysis": {
    "car": {
      "highestConfFrame": 42,
      "lowestConf": 33.89,
      "framesAboveThresh": [],
      "lowestConfFrame": 14,
      "averageConf": 0.34436893203883495,
      "highestConf": 37.05
    },
    "dog": {
      "highestConfFrame": 149,
      "lowestConf": 39.68,
      "framesAboveThresh": [],
      "lowestConfFrame": 162,
      "averageConf": 0.3911165048543689,
      "highestConf": 40.89
    },
    "cat": {
      "highestConfFrame": 10,
      "lowestConf": 31.71,
      "framesAboveThresh": [10, 25, 52, 164],
      "lowestConfFrame": 135,
      "averageConf": 1.9488349514563104,
      "highestConf": 79.37
    },
    "person": {
      "highestConfFrame": 174,
      "lowestConf": 30.36,
      "framesAboveThresh": [1, 2, 3, 4, 5, 6, 7, 8, 9, 11, 12, 13, 14, 15, 16, 17, 18, 19, 20, 21, 22, 26, 27, 28, 29, 30, 31, 32, 33, 34, 35, 36, 37, 38, 39, 40, 41, 42, 43, 44, 45, 46, 47, 48, 49, 50, 51, 52, 53, 54, 55, 56, 57, 58, 59, 60, 61, 62, 63, 64, 65, 66, 67, 68, 69, 70, 73, 74, 75, 76, 77, 78, 79, 87, 88, 89, 90, 91, 92, 96, 101, 102, 103, 104, 105, 106, 107, 109, 110, 114, 115, 116, 117, 118, 119, 120, 121, 124, 125, 128, 129, 131, 132, 133, 134, 137, 138, 139, 140, 141, 142, 143, 144, 145, 146, 147, 148, 149, 150, 151, 152, 153, 154, 155, 156, 157, 158, 159, 160, 161, 162, 163, 165, 166, 167, 168, 169, 170, 171, 172, 173, 174, 175],
      "lowestConfFrame": 81,
      "averageConf": 68.35155339805826,
      "highestConf": 99.97
    },
    "bottle": {
      "highestConfFrame": 164,
      "lowestConf": 30.99,
      "framesAboveThresh": [100, 164, 168],
      "lowestConfFrame": 122,
      "averageConf": 3.193640776699029,
      "highestConf": 84.59
    },
    "bus": {
      "highestConfFrame": 21,
      "lowestConf": 47.59,
      "framesAboveThresh": [],
      "lowestConfFrame": 21,
      "averageConf": 0.23101941747572818,
      "highestConf": 47.59
    },
    "tvmonitor": {
      "highestConfFrame": 23,
      "lowestConf": 32.13,
      "framesAboveThresh": [],
      "lowestConfFrame": 23,
      "averageConf": 0.15597087378640778,
      "highestConf": 32.13
    },
    "chair": {
      "highestConfFrame": 109,
      "lowestConf": 30.66,
      "framesAboveThresh": [105, 106, 107, 108, 109, 111, 138, 146, 151, 153],
      "lowestConfFrame": 85,
      "averageConf": 14.191310679611648,
      "highestConf": 80.42
    },
    "bird": {
      "highestConfFrame": 24,
      "lowestConf": 30.26,
      "framesAboveThresh": [24, 163],
      "lowestConfFrame": 3,
      "averageConf": 1.685,
      "highestConf": 64.82
    }
  },
  "lowestTargetConfidence": 92.29886531829834,
  "targetFrameList": [5, 6, 7, 8, 11, 25, 26, 27, 39, 48, 56, 57, 66, 67, 68, 79, 80, 82, 83, 85, 88, 93, 96, 97, 98, 99, 110, 121, 122, 123, 124, 125, 126, 130, 136, 138, 139, 150, 151]
}